nama_brand;model;harga;5G;resolusi_kamera;refresh_rate;ukuran_layar;kapasitas_baterai;chipset;memori_internal;kapasitas_ram;os;link_website;link_shopee;link_tokopedia
xiaomi;Xiaomi 17 (12GB/256GB);14.999.000;1;50;120;6.7;5000;Snapdragon 8 Gen 4;256;12;Android;https://www.mi.co.id/id/product/xiaomi-17/;https://shopee.co.id/Xiaomi-17-(12GB-256GB)-(12GB-512GB)-Lensa-Optik-Leica-Summilux-Sensor-Light-Fusion-950-dengan-Dynamic-Range-Tinggi-Baterai-Xiaomi-Surge-6330mAh-(typ)-Platform-Mobile-Snapdragon%C2%AE-8-Elite-Gen-5-Xiaomi-HyperAI-Xiaomi-Official-Store--i.51925611.49906131965?extraParams=%7B%22display_model_id%22%3A302405236224%2C%22model_selection_logic%22%3A3%7D&sp_atk=43b12ed9-5194-488f-be08-63a9b9690a65&xptdk=43b12ed9-5194-488f-be08-63a9b9690a65;
xiaomi;Xiaomi 17 (12GB/512GB);16.999.000;1;50;120;6.7;5000;Snapdragon 8 Gen 4;512;12;Android;https://www.mi.co.id/id/product/xiaomi-17/;https://shopee.co.id/Xiaomi-17-(12GB-256GB)-(12GB-512GB)-Lensa-Optik-Leica-Summilux-Sensor-Light-Fusion-950-dengan-Dynamic-Range-Tinggi-Baterai-Xiaomi-Surge-6330mAh-(typ)-Platform-Mobile-Snapdragon%C2%AE-8-Elite-Gen-5-Xiaomi-HyperAI-Xiaomi-Official-Store--i.51925611.49906131965?extraParams=%7B%22display_model_id%22%3A302405236224%2C%22model_selection_logic%22%3A3%7D&sp_atk=43b12ed9-5194-488f-be08-63a9b9690a65&xptdk=43b12ed9-5194-488f-be08-63a9b9690a65;
xiaomi;Xiaomi 17 Ultra (16GB/512GB);19.999.000;1;200;120;6.8;5300;Snapdragon 8 Gen 4;512;16;Android;https://www.mi.co.id/id/product/xiaomi-17-ultra/;;
xiaomi;Xiaomi 17 Ultra (16GB/1TB);21.999.000;1;200;120;6.8;5300;Snapdragon 8 Gen 4;1024;16;Android;https://www.mi.co.id/id/product/xiaomi-17-ultra/;;
xiaomi;Xiaomi 15T (12GB/256GB);7.999.000;1;50;144;6.67;5000;Dimensity 8300;256;12;Android;https://www.mi.co.id/id/product/xiaomi-15t/;https://shopee.co.id/Xiaomi-15T-(12-512GB)-Xiaomi-15T-Pro-(12-512GB)-Leica-Summilux-optical-lens-Dimensity-8400-Ultra-6.83-120Hz-eye-care-display-Massive-5500mAh-(typ)-battery-67W-HyperCharge-Official-Store--i.51925611.28712146920?extraParams=%7B%22display_model_id%22%3A266913372368%2C%22model_selection_logic%22%3A3%7D&sp_atk=42f97efb-e49e-44a8-9652-c0824f4ee75f&xptdk=42f97efb-e49e-44a8-9652-c0824f4ee75f;
xiaomi;Xiaomi 15T (12GB/512GB);8.999.000;1;50;144;6.67;5000;Dimensity 8300;512;12;Android;https://www.mi.co.id/id/product/xiaomi-15t/;https://shopee.co.id/Xiaomi-15T-(12-512GB)-Xiaomi-15T-Pro-(12-512GB)-Leica-Summilux-optical-lens-Dimensity-8400-Ultra-6.83-120Hz-eye-care-display-Massive-5500mAh-(typ)-battery-67W-HyperCharge-Official-Store--i.51925611.28712146920?extraParams=%7B%22display_model_id%22%3A266913372368%2C%22model_selection_logic%22%3A3%7D&sp_atk=42f97efb-e49e-44a8-9652-c0824f4ee75f&xptdk=42f97efb-e49e-44a8-9652-c0824f4ee75f;
xiaomi;Xiaomi 15T Pro (12GB/512GB);10.499.000;1;50;144;6.67;5000;Dimensity 9300+;512;12;Android;https://www.mi.co.id/id/product/xiaomi-15t-pro/;;
xiaomi;Redmi Note 15 (6GB/128GB);2.699.000;0;108;120;6.67;5000;Snapdragon 6 Gen 1;128;6;Android;https://www.mi.co.id/id/product/redmi-note-15/;https://shopee.co.id/Xiaomi-Redmi-Note-15-(6-128-GB)-(8-128-GB)-(8-256-GB)-Baterai-besar-6000mAh-Kaca-layar-dengan-daya-tahan-tinggi-IP64-Ketahanan-debu-dan-air-Kamera-super-jernih-108MP-Layar-AMOLED-FHD-6-77-NFC-Xiaomi-Official-Store--i.51925611.43864504862?extraParams=%7B%22display_model_id%22%3A330487702260%2C%22model_selection_logic%22%3A3%7D&sp_atk=95fafab5-859b-47d5-9767-fedf71badfa4&xptdk=95fafab5-859b-47d5-9767-fedf71badfa4;
xiaomi;Redmi Note 15 (8GB/128GB);2.999.000;0;108;120;6.67;5000;Snapdragon 6 Gen 1;128;8;Android;https://www.mi.co.id/id/product/redmi-note-15/;https://shopee.co.id/Xiaomi-Redmi-Note-15-(6-128-GB)-(8-128-GB)-(8-256-GB)-Baterai-besar-6000mAh-Kaca-layar-dengan-daya-tahan-tinggi-IP64-Ketahanan-debu-dan-air-Kamera-super-jernih-108MP-Layar-AMOLED-FHD-6-77-NFC-Xiaomi-Official-Store--i.51925611.43864504862?extraParams=%7B%22display_model_id%22%3A330487702260%2C%22model_selection_logic%22%3A3%7D&sp_atk=95fafab5-859b-47d5-9767-fedf71badfa4&xptdk=95fafab5-859b-47d5-9767-fedf71badfa4;
xiaomi;Redmi Note 15 (8GB/256GB);3.299.000;0;108;120;6.67;5000;Snapdragon 6 Gen 1;256;8;Android;https://www.mi.co.id/id/product/redmi-note-15/;https://shopee.co.id/Xiaomi-Redmi-Note-15-(6-128-GB)-(8-128-GB)-(8-256-GB)-Baterai-besar-6000mAh-Kaca-layar-dengan-daya-tahan-tinggi-IP64-Ketahanan-debu-dan-air-Kamera-super-jernih-108MP-Layar-AMOLED-FHD-6-77-NFC-Xiaomi-Official-Store--i.51925611.43864504862?extraParams=%7B%22display_model_id%22%3A330487702260%2C%22model_selection_logic%22%3A3%7D&sp_atk=95fafab5-859b-47d5-9767-fedf71badfa4&xptdk=95fafab5-859b-47d5-9767-fedf71badfa4;
xiaomi;Redmi Note 15 5G (6GB/128GB);3.499.000;1;108;120;6.67;5000;Dimensity 7025;128;6;Android;https://www.mi.co.id/id/product/redmi-note-15-5g/;https://shopee.co.id/Xiaomi-Redmi-Note-15-5G-(6-128-GB)-(8-256-GB)-(12-512-GB)-Baterai-5520mAh-dengan-desain-ramping-Kaca-layar-dengan-daya-tahan-tinggi-IP66-Ketahanan-debu-dan-air-Kamera-super-jernih-108MP-Layar-AMOLED-FHD-6-77-NFC-Xiaomi-Official-Store--i.51925611.28073103561?extraParams=%7B%22display_model_id%22%3A380487845822%2C%22model_selection_logic%22%3A3%7D&sp_atk=39f7835d-22fa-4389-9544-75b6c884f987&xptdk=39f7835d-22fa-4389-9544-75b6c884f987;
xiaomi;Redmi Note 15 5G (8GB/256GB);3.799.000;1;108;120;6.67;5000;Dimensity 7025;256;8;Android;https://www.mi.co.id/id/product/redmi-note-15-5g/;https://shopee.co.id/Xiaomi-Redmi-Note-15-5G-(6-128-GB)-(8-256-GB)-(12-512-GB)-Baterai-5520mAh-dengan-desain-ramping-Kaca-layar-dengan-daya-tahan-tinggi-IP66-Ketahanan-debu-dan-air-Kamera-super-jernih-108MP-Layar-AMOLED-FHD-6-77-NFC-Xiaomi-Official-Store--i.51925611.28073103561?extraParams=%7B%22display_model_id%22%3A380487845822%2C%22model_selection_logic%22%3A3%7D&sp_atk=39f7835d-22fa-4389-9544-75b6c884f987&xptdk=39f7835d-22fa-4389-9544-75b6c884f987;
xiaomi;Redmi Note 15 5G (12GB/512GB);4.299.000;1;108;120;6.67;5000;Dimensity 7025;512;12;Android;https://www.mi.co.id/id/product/redmi-note-15-5g/;https://shopee.co.id/Xiaomi-Redmi-Note-15-5G-(6-128-GB)-(8-256-GB)-(12-512-GB)-Baterai-5520mAh-dengan-desain-ramping-Kaca-layar-dengan-daya-tahan-tinggi-IP66-Ketahanan-debu-dan-air-Kamera-super-jernih-108MP-Layar-AMOLED-FHD-6-77-NFC-Xiaomi-Official-Store--i.51925611.28073103561?extraParams=%7B%22display_model_id%22%3A380487845822%2C%22model_selection_logic%22%3A3%7D&sp_atk=39f7835d-22fa-4389-9544-75b6c884f987&xptdk=39f7835d-22fa-4389-9544-75b6c884f987;
xiaomi;Redmi Note 15 Pro 5G (8GB/256GB);4.899.000;1;108;120;6.67;5000;Dimensity 7025;256;8;Android;https://www.mi.co.id/id/product/redmi-note-15-5g/;https://shopee.co.id/Xiaomi-Redmi-Note-15-Pro-5G-(8-256GB)-(12-512GB)-Baterai-besar-6580mAh-Corning%C2%AE-Gorilla%C2%AE-Glass-Victus%C2%AE-2-IP69K-Ketahanan-debu-dan-air-Kamera-baru-200MP-dengan-kejernihan-ultra-Layar-AMOLED-CrystalRes-6-83-1.5K-NFC-Xiaomi-Official-Store--i.51925611.28173098956?extraParams=%7B%22display_model_id%22%3A257438216117%2C%22model_selection_logic%22%3A3%7D&sp_atk=36e563d0-05ab-470f-b2d4-1d7dbca2e099&xptdk=36e563d0-05ab-470f-b2d4-1d7dbca2e099;
xiaomi;Redmi Note 15 Pro 5G (12GB/512GB);4.299.000;1;108;120;6.67;5000;Dimensity 7025;512;12;Android;https://www.mi.co.id/id/product/redmi-note-15-5g/;https://shopee.co.id/Xiaomi-Redmi-Note-15-Pro-5G-(8-256GB)-(12-512GB)-Baterai-besar-6580mAh-Corning%C2%AE-Gorilla%C2%AE-Glass-Victus%C2%AE-2-IP69K-Ketahanan-debu-dan-air-Kamera-baru-200MP-dengan-kejernihan-ultra-Layar-AMOLED-CrystalRes-6-83-1.5K-NFC-Xiaomi-Official-Store--i.51925611.28173098956?extraParams=%7B%22display_model_id%22%3A257438216117%2C%22model_selection_logic%22%3A3%7D&sp_atk=36e563d0-05ab-470f-b2d4-1d7dbca2e099&xptdk=36e563d0-05ab-470f-b2d4-1d7dbca2e099;
xiaomi;Redmi Note 15 Pro+ 5G (8GB/256GB);6.199.000;1;200;120;6.67;5000;Snapdragon 7s Gen 3;256;8;Android;https://www.mi.co.id/id/product/redmi-note-15-pro-plus/;https://shopee.co.id/Xiaomi-Redmi-Note-15-Pro-5G-(8-256-GB)-(12-512-GB)-Baterai-6500mAh-dengan-HyperCharge-100W-Corning%C2%AE-Gorilla%C2%AE-Glass-Victus%C2%AE-2-IP69K-Ketahanan-debu-dan-air-Kamera-baru-200MP-dengan-kejernihan-ultra-Layar-AMOLED-CrystalRes-6-83-1.5K-Xiaomi-Offic-i.51925611.29373098954?extraParams=%7B%22display_model_id%22%3A247438232173%2C%22model_selection_logic%22%3A3%7D&sp_atk=47273927-1809-466f-b220-cd6ff00998ba&xptdk=47273927-1809-466f-b220-cd6ff00998ba;
xiaomi;Redmi Note 15 Pro+ 5G (12GB/512GB);6.999.000;1;200;120;6.67;5000;Snapdragon 7s Gen 3;512;12;Android;https://www.mi.co.id/id/product/redmi-note-15-pro-plus/;https://shopee.co.id/Xiaomi-Redmi-Note-15-Pro-5G-(8-256-GB)-(12-512-GB)-Baterai-6500mAh-dengan-HyperCharge-100W-Corning%C2%AE-Gorilla%C2%AE-Glass-Victus%C2%AE-2-IP69K-Ketahanan-debu-dan-air-Kamera-baru-200MP-dengan-kejernihan-ultra-Layar-AMOLED-CrystalRes-6-83-1.5K-Xiaomi-Offic-i.51925611.29373098954?extraParams=%7B%22display_model_id%22%3A247438232173%2C%22model_selection_logic%22%3A3%7D&sp_atk=47273927-1809-466f-b220-cd6ff00998ba&xptdk=47273927-1809-466f-b220-cd6ff00998ba;
xiaomi;Redmi 15 (8GB/128GB);2.599.000;0;50;90;6.6;5.000;Snapdragon 685;128;8;Android;https://www.mi.co.id/id/product/redmi-15/;;
xiaomi;Redmi 15C (4GB/128GB);2.149.000;0;50;60;6.74;5.000;Helio G85;128;4;Android;https://www.mi.co.id/id/product/redmi-15c/;;
xiaomi;Redmi A5 (4GB/128GB);1.599.000;0;50;60;6.7;5.000;Unisoc T606;128;4;Android;https://www.mi.co.id/id/product/redmi-a5/;;
xiaomi;Redmi A7 Pro (4GB/128GB);1.649.000;0;50;90;6.74;5.000;Unisoc T606;128;4;Android;https://www.mi.co.id/id/product/redmi-a7-pro/;https://shopee.co.id/Xiaomi-Redmi-A7-Pro-(4-64-GB)-(4-128-GB)-Layar-imersif-6.9-inch-Baterai-6000mAh-(Typ)-Xiaomi-HyperOS-Prosesor-octa-core-Desain-ramping-dan-elegan-13MP-kamera-ganda-AI-HP-Android-Xiaomi-Official-Store--i.51925611.43014440414?extraParams=%7B%22display_model_id%22%3A267405726987%2C%22model_selection_logic%22%3A3%7D&sp_atk=c2353c95-4efd-49d8-b3c7-14f485a73a89&xptdk=c2353c95-4efd-49d8-b3c7-14f485a73a89;
xiaomi;POCO F7 (12GB/512GB);5.999.000;1;50;120;6.67;5.000;Snapdragon 8 Gen 3;512;12;Android;https://www.mi.co.id/id/product/poco-f7/;;
xiaomi;POCO F7 Pro (12GB/512GB);7.499.000;1;50;120;6.67;5.000;Snapdragon 8 Gen 3;512;12;Android;https://www.mi.co.id/id/product/poco-f7-pro/;https://shopee.co.id/POCO-F7-Pro-(12GB-512GB)-Snapdragon%C2%AE-8-Gen-3-Massive-6000mAh-battery-2K-120Hz-Flow-AMOLED-display-50MP-dual-camera-with-OIS-Official-Store--i.51925611.56205522921?extraParams=%7B%22display_model_id%22%3A415500925468%2C%22model_selection_logic%22%3A3%7D&sp_atk=915b4481-7ea4-4282-80b9-e7ea8ded74da&xptdk=915b4481-7ea4-4282-80b9-e7ea8ded74da;
xiaomi;POCO F7 Ultra (12GB/256GB);9.599.000;1;50;120;6.67;5.000;Snapdragon 8 Gen 3;256;12;Android;https://www.mi.co.id/id/product/poco-f7-ultra/;https://shopee.co.id/POCO-F7-Ultra-(12-256GB)(16-512GB)-Snapdragon-8-Elite-VisionBoost-D7-Chipset-120W-50W-wireless-HyperCharge-2K-AMOLED-display-Official-Store--i.51925611.40178442918?extraParams=%7B%22display_model_id%22%3A259156602545%2C%22model_selection_logic%22%3A3%7D&sp_atk=2c2a27f1-1d99-4623-8f03-29ccd0f61252&xptdk=2c2a27f1-1d99-4623-8f03-29ccd0f61252;
xiaomi;POCO F7 Ultra (16GB/512GB);10.999.000;1;50;120;6.67;5.000;Snapdragon 8 Gen 3;512;16;Android;https://www.mi.co.id/id/product/poco-f7-ultra/;https://shopee.co.id/POCO-F7-Ultra-(12-256GB)(16-512GB)-Snapdragon-8-Elite-VisionBoost-D7-Chipset-120W-50W-wireless-HyperCharge-2K-AMOLED-display-Official-Store--i.51925611.40178442918?extraParams=%7B%22display_model_id%22%3A259156602545%2C%22model_selection_logic%22%3A3%7D&sp_atk=2c2a27f1-1d99-4623-8f03-29ccd0f61252&xptdk=2c2a27f1-1d99-4623-8f03-29ccd0f61252;
xiaomi;POCO X7 5G (8GB/256GB);3.399.000;1;64;120;6.67;5.000;Dimensity 8300;256;8;Android;https://www.mi.co.id/id/product/poco-x7-5g/;https://shopee.co.id/POCO-X7-5G-Dimensity-7300-Ultra-CrystalRes-1.5K-120Hz-AMOLED-curved-display-50MP-main-camera-with-OIS-Official-Store--i.51925611.29225385228?extraParams=%7B%22display_model_id%22%3A223776322637%2C%22model_selection_logic%22%3A3%7D&sp_atk=aa4cb902-037a-45fb-b340-fdbfa53df9c3&xptdk=aa4cb902-037a-45fb-b340-fdbfa53df9c3;
xiaomi;POCO X7 5G (12GB/512GB);3.999.000;1;64;120;6.67;5.000;Dimensity 8300;512;12;Android;https://www.mi.co.id/id/product/poco-x7-5g/;https://shopee.co.id/POCO-X7-5G-Dimensity-7300-Ultra-CrystalRes-1.5K-120Hz-AMOLED-curved-display-50MP-main-camera-with-OIS-Official-Store--i.51925611.29225385228?extraParams=%7B%22display_model_id%22%3A223776322637%2C%22model_selection_logic%22%3A3%7D&sp_atk=aa4cb902-037a-45fb-b340-fdbfa53df9c3&xptdk=aa4cb902-037a-45fb-b340-fdbfa53df9c3;
xiaomi;POCO X7 Pro 5G (12GB/512GB);5.199.000;1;64;120;6.67;5.000;Dimensity 9300;512;12;Android;https://www.mi.co.id/id/product/poco-x7-pro-5g/;https://shopee.co.id/POCO-X7-Pro-5G-Dimensity-8400-Ultra-6000mAh-(typ)-battery-with-90W-HyperCharge-CrystalRes-1.5K-120Hz-AMOLED-display-Official-Store--i.51925611.51157316507?extraParams=%7B%22display_model_id%22%3A282460220708%2C%22model_selection_logic%22%3A3%7D&sp_atk=050d1035-801c-4ccb-8370-f909e86d2dc6&xptdk=050d1035-801c-4ccb-8370-f909e86d2dc6;
xiaomi;POCO M7 (8GB/256GB);2.749.000;0;50;90;6.6;5.000;Helio G99;256;8;Android;https://www.mi.co.id/id/product/poco-m7/;https://shopee.co.id/POCO-M7-(8GB-256GB)-Baterai-besar-7000mAh-dengan-pengisian-daya-33W-Layar-imersif-6.9-144Hz-Ekspansi-RAM-hingga-16GB-UFS-2.2-256GB-50MP-kamera-ganda-AI-Official-Store--i.51925611.42920572345?extraParams=%7B%22display_model_id%22%3A196277951901%2C%22model_selection_logic%22%3A3%7D&sp_atk=840fa0f8-6385-4da6-a543-b990d02cb1f6&xptdk=840fa0f8-6385-4da6-a543-b990d02cb1f6;
xiaomi;POCO M7 Pro 5G (8GB/256GB);2.999.000;1;50;120;6.67;5.000;Dimensity 7020;256;8;Android;https://www.mi.co.id/id/product/poco-m7-pro-5g/;https://shopee.co.id/POCO-M7-Pro-5G-(8-256GB)-Dimensity-7025-Ultra-5110mAh-battery-120Hz-FHD-eye-care-AMOLED-display-50MP-dual-camera-with-OIS-Official-Store--i.51925611.26380120155?extraParams=%7B%22display_model_id%22%3A242931501918%2C%22model_selection_logic%22%3A3%7D&sp_atk=6ecf79c2-14fc-49a2-9c1d-c9be5cb952d2&xptdk=6ecf79c2-14fc-49a2-9c1d-c9be5cb952d2;
xiaomi;POCO C71 (4GB/128GB);1.599.000;0;50;60;6.74;5.000;Unisoc T606;128;4;Android;https://www.mi.co.id/id/product/poco-c71/;https://shopee.co.id/POCO-C71-(4-4GB-128GB)-Performa-Cadas-Layar-Cadas-6.88-120Hz-Baterai-Cadas-5200mAh-Expansi-RAM-hingga-8GB-dan-storage-128GB-i.51925611.43063095118?extraParams=%7B%22display_model_id%22%3A216206378093%2C%22model_selection_logic%22%3A3%7D&sp_atk=42af9e47-afb8-44f0-8e15-f7f0c2b41aab&xptdk=42af9e47-afb8-44f0-8e15-f7f0c2b41aab;
xiaomi;POCO C85 (6GB/128GB);2.049.000;0;50;90;6.74;5.000;Helio G85;128;6;Android;https://www.mi.co.id/id/product/poco-c85/;https://shopee.co.id/POCO-C85-(6-128-GB)-(8-256-GB)-Baterai-besar-6000mAh-dengan-pengisian-daya-33W-Ekspansi-RAM-hingga-16GB-Layar-imersif-6.9-120Hz-50MP-kamera-ganda-AI-Official-Store--i.51925611.42814330071?extraParams=%7B%22display_model_id%22%3A186217199083%2C%22model_selection_logic%22%3A3%7D&sp_atk=0f85f46b-b5cc-4551-846a-855d63ac39d2&xptdk=0f85f46b-b5cc-4551-846a-855d63ac39d2;
xiaomi;POCO C85 (8GB/256GB);2.449.000;0;50;90;6.74;5.000;Helio G85;256;8;Android;https://www.mi.co.id/id/product/poco-c85/;https://shopee.co.id/POCO-C85-(6-128-GB)-(8-256-GB)-Baterai-besar-6000mAh-dengan-pengisian-daya-33W-Ekspansi-RAM-hingga-16GB-Layar-imersif-6.9-120Hz-50MP-kamera-ganda-AI-Official-Store--i.51925611.42814330071?extraParams=%7B%22display_model_id%22%3A186217199083%2C%22model_selection_logic%22%3A3%7D&sp_atk=0f85f46b-b5cc-4551-846a-855d63ac39d2&xptdk=0f85f46b-b5cc-4551-846a-855d63ac39d2;
nokia;Nokia C12 (2GB/64GB);1.199.000;0;8;60;6.3;3.000;Unisoc SC9863A1;64;2;Android;https://www.hmd.com/id_id/support/nokia-c12-user-guide/keep-your-phone-up-to-date?filter-by=smartphones;;
nokia;Nokia C12 (3GB/64GB);1.299.000;0;8;60;6.3;3.000;Unisoc SC9863A1;64;3;Android;https://www.nokia.com/phones/en_id/nokia-c-12;;
nokia;Nokia C22 (3GB/64GB);1.399.000;0;13;60;6.5;5.000;Unisoc SC9863A;64;3;Android;https://www.nokia.com/phones/en_id/nokia-c-22;;
nokia;Nokia C22 (4GB/128GB);1.699.000;0;13;60;6.5;5.000;Unisoc SC9863A;128;4;Android;https://www.nokia.com/phones/en_id/nokia-c-22;;
nokia;Nokia C32 (4GB/128GB);1.899.000;0;50;60;6.5;5.000;Unisoc SC9863A;128;4;Android;https://www.nokia.com/phones/en_id/nokia-c-32;;
nokia;Nokia C32 (6GB/128GB);2.099.000;0;50;60;6.5;5.000;Unisoc SC9863A;128;6;Android;https://www.nokia.com/phones/en_id/nokia-c-32;;
huawei;Huawei Mate 80 Pro (12GB/256GB);16.999.000;1;50;120;6.8;5.000;Kirin 9100;256;12;Android;https://consumer.huawei.com/id/offer/huawei-smartphones/mate80-pro-buy/;https://shopee.co.id/-BARU-HUAWEI-Mate-80-Pro-Smartphone-16-512G-l-True-to-Colour-Camera-2.0-l-2nd-Gen-Kunlun-Glass-l-Smart-AI-100W-i.39372120.50208390196?extraParams=%7B%22display_model_id%22%3A330744562165%2C%22model_selection_logic%22%3A3%7D&sp_atk=7eef72f7-d5b5-4f87-ac6c-f29dc3c20686&xptdk=7eef72f7-d5b5-4f87-ac6c-f29dc3c20686;
huawei;Huawei Mate 80 Pro (12GB/512GB);18.999.000;1;50;120;6.8;5.000;Kirin 9100;512;12;Android;https://consumer.huawei.com/id/offer/huawei-smartphones/mate80-pro-buy/;https://shopee.co.id/-BARU-HUAWEI-Mate-80-Pro-Smartphone-16-512G-l-True-to-Colour-Camera-2.0-l-2nd-Gen-Kunlun-Glass-l-Smart-AI-100W-i.39372120.50208390196?extraParams=%7B%22display_model_id%22%3A330744562165%2C%22model_selection_logic%22%3A3%7D&sp_atk=7eef72f7-d5b5-4f87-ac6c-f29dc3c20686&xptdk=7eef72f7-d5b5-4f87-ac6c-f29dc3c20686;
huawei;Huawei Mate 80 Pro (16GB/1TB);19.999.000;1;50;120;6.8;5.000;Kirin 9100;1024;16;Android;https://consumer.huawei.com/id/offer/huawei-smartphones/mate80-pro-buy/;https://shopee.co.id/-BARU-HUAWEI-Mate-80-Pro-Smartphone-16-512G-l-True-to-Colour-Camera-2.0-l-2nd-Gen-Kunlun-Glass-l-Smart-AI-100W-i.39372120.50208390196?extraParams=%7B%22display_model_id%22%3A330744562165%2C%22model_selection_logic%22%3A3%7D&sp_atk=7eef72f7-d5b5-4f87-ac6c-f29dc3c20686&xptdk=7eef72f7-d5b5-4f87-ac6c-f29dc3c20686;
huawei;Huawei Mate X6;27.999.000;1;50;120;7.8;5.100;Kirin 9000S;512;12;Android;https://consumer.huawei.com/id/phones/mate-x6/;https://shopee.co.id/-PayDay-Voucher-s-d-15-HUAWEI-Mate-X6-Smartphone-Ultra-Slim-and-Durable-Ultra-Chroma-Camera-Ultra-long-Battery-Life-i.39372120.28074361443?extraParams=%7B%22display_model_id%22%3A233743031989%2C%22model_selection_logic%22%3A3%7D&sp_atk=56a2613e-b05b-4b6e-94cb-c27e2f5192fd&xptdk=56a2613e-b05b-4b6e-94cb-c27e2f5192fd;
huawei;Huawei Mate X7;27.999.000;1;50;120;7.9;5.200;Kirin 9010;512;12;Android;https://consumer.huawei.com/id/offer/huawei-smartphones/mate-x7-buy/;https://shopee.co.id/-PayDay-Voucher-s-d-15-Bank-Cashback-s-d-2JT*-HUAWEI-Mate-X7-Smartphone-Ultra-Thin-and-Durable-True-to-Color-Camera-Ultra-long-Battery-Life-Smart-AI-i.39372120.47705913004?extraParams=%7B%22display_model_id%22%3A410533273418%2C%22model_selection_logic%22%3A3%7D&sp_atk=7a17d7e9-542b-4ebb-9214-becba2f230de&xptdk=7a17d7e9-542b-4ebb-9214-becba2f230de;
huawei;Huawei Mate XT Ultimate Design;52.999.000;1;50;120;10.2;5.600;Kirin 9010;1024;16;Android;https://consumer.huawei.com/id/offer/huawei-smartphones/mate-xt-ultimate-design-buy/;;
huawei;Huawei Pura 80 (12GB/256GB);9.999.000;1;50;120;6.6;4.900;Kirin 9010;256;12;Android;https://consumer.huawei.com/id/offer/huawei-smartphones/pura-80-series-buy/?productId=18062591759417;;
huawei;Huawei Pura 80 (12GB/512GB);11.999.000;1;50;120;6.6;4.900;Kirin 9010;512;12;Android;https://consumer.huawei.com/id/offer/huawei-smartphones/pura-80-series-buy/?productId=18062591759417;;
huawei;Huawei Pura 80 Pro;13.499.000;1;50;120;6.8;5.000;Kirin 9010;512;12;Android;https://consumer.huawei.com/id/offer/huawei-smartphones/pura-80-series-buy/?productId=18062047210615;https://shopee.co.id/-BARU-HUAWEI-Mate-80-Pro-Smartphone-16-512G-l-True-to-Colour-Camera-2.0-l-2nd-Gen-Kunlun-Glass-l-Smart-AI-100W-i.39372120.50208390196?extraParams=%7B%22display_model_id%22%3A330744562165%2C%22model_selection_logic%22%3A3%7D&sp_atk=37a3688a-5755-477a-8de7-4a1b2716414e&xptdk=37a3688a-5755-477a-8de7-4a1b2716414e;
huawei;Huawei Pura 80 Ultra;20.999.000;1;50;120;6.8;5.000;Kirin 9010;512;16;Android;https://consumer.huawei.com/id/offer/huawei-smartphones/pura-80-series-buy/?productId=18062047210615;;
huawei;Huawei nova 13 Pro;7.999.000;0;50;120;6.7;4.600;Kirin 9000S;256;12;Android;https://consumer.huawei.com/id/offer/huawei-smartphones/nova13-pro-buy/;;
huawei;Huawei nova 14 Pro;8.499.000;1;50;120;6.78;4.800;Kirin 9010;512;12;Android;https://consumer.huawei.com/id/offer/huawei-smartphones/nova14-pro-buy/;https://shopee.co.id/-PayDay-Voucher-s-d-15-HUAWEI-nova-14-Pro-Smartphone-l-True-to-Life-Color-Camera-50-MP-Front-Dual-Camera-l-Smart-AI-100W-i.39372120.40627874949?extraParams=%7B%22display_model_id%22%3A188797339533%2C%22model_selection_logic%22%3A3%7D&sp_atk=a8e325fe-785d-46db-8673-11a9f12e0df4&xptdk=a8e325fe-785d-46db-8673-11a9f12e0df4;
itel;SUPER 26 Ultra (12GB/256GB);4.999.000;1;50;144;6.8;6.000;T7300;256;12;Android;https://www.itel-life.com/id/products/phone/s-series/s26-ultra;;
itel;CITY 200 (8GB/256GB);2.499.000;0;50;90;6.6;5.000;Unisoc T606;256;8;Android;https://www.itel-life.com/id/products/phone/city-series/city-100;https://shopee.co.id/itel-City200-NFC-RAM-128-8GB(4-4GB)-Big-Battery-5200mAh-6.78''-120Hz-IP65-High-Brightness-Display-i.1586001868.47055421260?extraParams=%7B%22display_model_id%22%3A430492096091%2C%22model_selection_logic%22%3A3%7D&sp_atk=00ce42fa-949e-4713-b20e-a3fbfb1ed9fb&xptdk=00ce42fa-949e-4713-b20e-a3fbfb1ed9fb;
itel;A100C (4GB/128GB);1.499.000;0;13;60;6.6;5.000;Unisoc T606;128;4;Android;https://www.itel-life.com/id/products/phone/a-series/a100c;;
itel;A90 (4GB/128GB);1.699.000;0;13;90;6.6;5.000;Unisoc T606;128;4;Android;https://www.itel-life.com/id/products/phone/a-series/a90;;
itel;A80 (4GB/128GB);1.399.000;0;13;90;6.6;5.000;Unisoc T603;128;4;Android;https://www.itel-life.com/id/products/phone/a-series/a80;;
itel;A70 (4GB/128GB);1.299.000;0;13;60;6.6;5.000;Unisoc T603;128;4;Android;https://www.itel-life.com/id/products/phone/a-series/a70;;
itel;A50 (3GB/64GB);1.099.000;0;8;60;6.6;5.000;Unisoc SC9863A;64;3;Android;https://www.itel-life.com/id/products/phone/a-series/a50;;
itel;S25 (8GB/256GB);2.999.000;0;50;120;6.7;5.000;Unisoc T616;256;8;Android;https://www.itel-life.com/id/products/phone/s-series/s25;;
itel;S25 Ultra (12GB/256GB);3.499.000;0;64;120;6.78;5.000;Unisoc T616;256;12;Android;https://www.itel-life.com/id/products/phone/s-series/s25-ultra;https://shopee.co.id/itel-S25-Ultra-RAM-8-512GB-6.78-FHD-Amoled-3D-120hz-6.9mm-Ultra-Slim-Design-Corning-Gorila-Glass-7i-32MP-Selfie-Camera-i.1586001868.53450848708?extraParams=%7B%22display_model_id%22%3A440076402953%2C%22model_selection_logic%22%3A3%7D&sp_atk=2b8fb20d-a2d1-431e-a908-c2ad4a8e4a14&xptdk=2b8fb20d-a2d1-431e-a908-c2ad4a8e4a14;
itel;RS4 (12GB/256GB);3.199.000;0;50;120;6.7;5.000;Helio G99;256;12;Android;https://www.itel-life.com/id/products/phone/s-series/rs4;;
itel;Power 70 (8GB/256GB);2.699.000;0;50;90;6.7;6.000;Unisoc T606;256;8;Android;https://www.itel-life.com/id/products/phone/p-series/power-70;;
itel;P65 (8GB/256GB);2.499.000;0;50;120;6.7;7.400;Unisoc T606;256;8;Android;https://www.itel-life.com/id/products/phone/p-series/p65;;
itel;P55 (6GB/128GB);1.999.000;0;50;90;6.6;5.000;Unisoc T606;128;6;Android;https://www.itel-life.com/id/products/phone/p-series/p55;;
itel;P55 5G (6GB/128GB);2.299.000;1;50;120;6.6;5.000;Dimensity 6080;128;6;Android;https://www.itel-life.com/id/products/phone/p-series/p55-5g;;
tecno;TECNO CAMON 40 (8GB/128GB);2.455.000;0;50;120;6.78;5.200;Helio G100;128;8;Android;https://www.tecno.co.id/product/tecno-camon-40-128gb/;;
tecno;TECNO CAMON 40 (8GB/256GB);2.639.000;0;50;120;6.78;5.200;Helio G100;256;8;Android;https://www.tecno.co.id/product/tecno-camon-40-256gb/;;
tecno;TECNO CAMON 50 Pro 5G (8GB/256GB);5.499.000;1;50;144;6.78;5.000;Dimensity 8200;256;8;Android;https://www.tecno.co.id/product/camon-50-pro-5g/;https://shopee.co.id/-5x-SUPERZOOM-FLASHSNAP-TECNO-CAMON-50-PRO-5G-8GB-8GB*-256GB-50MP-Sony-LYT-700C-50MP-3x-Telephoto-Camera-MediaTek-Dimensity-7400-Ultimate-5G-IP69K-6500mAh-Android-16-camon50pro-i.333261179.55056086409?extraParams=%7B%22display_model_id%22%3A420553723827%2C%22model_selection_logic%22%3A3%7D&sp_atk=c7cd377f-e3dc-413d-a49b-fb9889d6c22d&xptdk=c7cd377f-e3dc-413d-a49b-fb9889d6c22d;
tecno;TECNO PHANTOM V Flip 5G (8GB/256GB);8.999.000;1;64;120;6.9;4.000;Dimensity 8050;256;8;Android;https://www.tecno.co.id/product/tecno-phantom-v-flip-5g/;;
tecno;TECNO POVA 6 Pro 5G (12GB/256GB);3.299.000;1;108;120;6.78;6.000;Dimensity 6080;256;12;Android;https://www.tecno.co.id/product/tecno-pova-6-pro-5g/;;
tecno;TECNO POVA 7 (8GB/128GB);2.399.000;0;108;144;6.78;7.000;Helio G100;128;8;Android;https://www.tecno.co.id/product/tecno-pova-7-128gb/;https://shopee.co.id/TECNO-POVA-7-5G-8-8GB*-128GB-6000-mAh-Mediatek-D7300-Ultimate-144Hz-Smooth-Display-50MP-Primary-Camera-Wireless-Powerbank-Android-15-HiOS-15-POVA7-i.333261179.40455822950?extraParams=%7B%22display_model_id%22%3A275489400646%2C%22model_selection_logic%22%3A3%7D&sp_atk=e9f35a2c-7c34-443d-a464-2b7a7eddc384&xptdk=e9f35a2c-7c34-443d-a464-2b7a7eddc384;
tecno;TECNO POVA 7 (8GB/256GB);2.599.000;0;108;144;6.78;7.000;Helio G100;256;8;Android;https://www.tecno.co.id/product/tecno-pova-7-256gb/;https://shopee.co.id/TECNO-POVA-7-5G-8-8GB*-256GB-6000-mAh-Mediatek-D7300-Ultimate-144Hz-Smooth-Display-50MP-Primary-Camera-Wireless-Powerbank-Android-15-HiOS-15-POVA7-i.333261179.42755814459?extraParams=%7B%22display_model_id%22%3A224311705522%2C%22model_selection_logic%22%3A3%7D&sp_atk=8ca04886-35f8-46e5-84f1-ed0bffc21e17&xptdk=8ca04886-35f8-46e5-84f1-ed0bffc21e17;
tecno;TECNO POVA 7 5G (8GB/256GB);3.299.000;1;108;120;6.78;6.000;Dimensity 6080;256;8;Android;https://www.tecno.co.id/product/tecno-pova-7-5g-88g-256gb/;;
tecno;TECNO POVA Curve 5G (8GB/256GB);3.599.000;1;64;120;6.78;5.500;Dimensity 7050;256;8;Android;https://www.tecno.co.id/product/tecno-pova-curve-5g-88gb-256gb/;https://shopee.co.id/TECNO-POVA-Curve-5G-8-8GB*-256GB-5500mmAh-Bypass-Charging-2.0-Mediatek-D7300-Ultimate-5G-6-78-Curved-AMOLED-Display-64MP-Primary-Camera-Android-15-HiOS-15-POVACurve-i.333261179.42555830579?extraParams=%7B%22display_model_id%22%3A178968390061%2C%22model_selection_logic%22%3A3%7D&sp_atk=b4f3c2f2-9a84-405b-b52f-ae806b01de90&xptdk=b4f3c2f2-9a84-405b-b52f-ae806b01de90;
tecno;TECNO SPARK 20 Pro NFC (8GB/256GB);2.479.000;0;108;120;6.78;5.000;Helio G99;256;8;Android;https://www.tecno.co.id/product/tecno-spark-20-pro-nfc/;;
tecno;TECNO SPARK 30 Pro (8GB/128GB);2.199.000;0;108;120;6.78;5.000;Helio G100;128;8;Android;https://www.tecno.co.id/product/tecno-spark-30-pro/;;
tecno;TECNO SPARK 30C (8GB/128GB);1.799.000;0;48;120;6.6;5.000;Helio G85;128;8;Android;https://www.tecno.co.id/product/tecno-spark-30c/;;
tecno;TECNO SPARK 40 Pro+ (8GB/128GB);2.345.000;0;50;120;6.78;5.200;Helio G100;128;8;Android;https://www.tecno.co.id/product/tecno-spark-40-pro-88gb-128gb/;https://shopee.co.id/TECNO-SPARK-40-Pro-8-8GB*-128GB-Mediatek-Helio-G200-30W-Wireless-Charge-1.5K-144Hz-3D-Curved-AMOLED-Display-Ultra-Thin-Body-5200mAh-45W-Fast-Charge-IP64-spark40proplus-i.333261179.41460995725?extraParams=%7B%22display_model_id%22%3A300922804786%2C%22model_selection_logic%22%3A3%7D&sp_atk=fe02afea-3437-4559-866b-d16625eac25c&xptdk=fe02afea-3437-4559-866b-d16625eac25c;
tecno;TECNO SPARK Go 1 (4GB/64GB);1.149.000;0;13;120;6.6;5.000;Unisoc T606;64;4;Android;https://www.tecno.co.id/product/tecno-spark-go-1128gb/;https://shopee.co.id/TECNO-SPARK-Go-3-4GB-4GB*-128GB-IP64-6.75-HD-120Hz-Smooth-Display-5000mAh-15W*-Charging-Freelink-Communication-TECNO-AI-sparkgo3-i.333261179.53904898332?extraParams=%7B%22display_model_id%22%3A325452616503%2C%22model_selection_logic%22%3A3%7D&sp_atk=f44d24d2-5339-40ab-8d68-ed22043e13c0&xptdk=f44d24d2-5339-40ab-8d68-ed22043e13c0;
tecno;TECNO SPARK Go 1 (4GB/128GB);999.000;0;13;120;6.6;5.000;Unisoc T606;128;4;Android;https://www.tecno.co.id/product/tecno-spark-go-1-64gb/;https://shopee.co.id/-DEEP-REBATE-5.5-TECNO-SPARK-Go-3-4GB-4GB*-128GB-BLACK-i.333261179.47008948115?extraParams=%7B%22display_model_id%22%3A287541862353%2C%22model_selection_logic%22%3A3%7D&sp_atk=7e6183b5-7f6e-44f9-a862-2f1cbba34766&xptdk=7e6183b5-7f6e-44f9-a862-2f1cbba34766;
realme;realme GT 7 Dream Edition (16GB/512GB);10.999.000;1;50;120;6.78;7.000;Dimensity 9400e;512;16;Android;https://www.realme.com/id/realme-gt-7-x-astonmartinf1-2025;;
realme;realme GT 7 (12GB/256GB);8.499.000;1;50;120;6.78;7.000;Dimensity 9400e;256;12;Android;https://www.realme.com/id/realme-gt-7-5g;;
realme;realme GT 7 (16GB/512GB);9.999.000;1;50;120;6.78;7.000;Dimensity 9400e;512;16;Android;https://www.realme.com/id/realme-gt-7-5g;;
realme;realme GT 7T (12GB/256GB);6.999.000;1;50;120;6.8;7.000;Dimensity 8400 Max;256;12;Android;https://www.realme.com/id/realme-gt-7t-5g;;
realme;realme GT 6 (12GB/256GB);7.999.000;1;50;120;6.78;5.500;Snapdragon 8s Gen 3;256;12;Android;https://www.realme.com/id/realme-gt-6;;
realme;realme GT 6 (16GB/512GB);8.999.000;1;50;120;6.78;5.500;Snapdragon 8s Gen 3;512;16;Android;https://www.realme.com/id/realme-gt-6;;
realme;realme 16 Pro+ 5G (12GB/256GB);8.999.000;1;200;120;6.7;5.000;Snapdragon 7 Gen 3;256;12;Android;https://www.realme.com/id/realme-16-pro-plus-5g;https://shopee.co.id/realme-16-Pro-12GB-14GB*-512GB-(200MP-LumaColor-Camera-3.5%C3%97-Telephoto-Portrait-Camera-Snapdragon%C2%AE-7-Gen-4-LPDDR5X-7000mAh-Titan-Battery-80W-Ultra-Charge)-i.109598751.44755804021?extraParams=%7B%22display_model_id%22%3A320523392193%2C%22model_selection_logic%22%3A3%7D&sp_atk=288839a4-0aa4-46ff-a49f-301c805a2ee1&xptdk=288839a4-0aa4-46ff-a49f-301c805a2ee1;
realme;realme 16 Pro 5G (12GB/256GB);6.999.000;1;108;120;6.7;5.000;Snapdragon 7 Gen 2;256;12;Android;https://www.realme.com/id/realme-16-pro-plus-5g;https://shopee.co.id/realme-16-Pro-5G-12GB-14GB*-256GB-(200MP-LumaColor-Camera-Golden-Focal-Portrait-Camera-Dimensity-7300-Max-5G-Chipset-7000mAh-Titan-Battery-80W-Ultra-Charge)-i.109598751.45555808024?extraParams=%7B%22display_model_id%22%3A430523400328%2C%22model_selection_logic%22%3A3%7D&sp_atk=a03da681-b25a-45bb-af89-1a5db4be75a5&xptdk=a03da681-b25a-45bb-af89-1a5db4be75a5;
realme;realme 16 5G (8GB/256GB);5.499.000;1;64;120;6.7;5.000;Dimensity 7050;256;8;Android;https://www.realme.com/id/realme-16-5g;;
realme;realme 15 Pro 5G (12GB/256GB);6.999.000;1;200;120;6.7;5.000;Snapdragon 7 Gen 2;256;12;Android;https://www.realme.com/id/realme-16-5g;;
realme;realme 15 Pro 5G (12GB/512GB);7.999.000;1;200;120;6.7;5.000;Snapdragon 7 Gen 2;512;12;Android;https://www.realme.com/id/realme-15-pro-5g;;
realme;realme 15 5G (8GB/128GB);4.999.000;1;64;120;6.7;5.000;Dimensity 7050;128;8;Android;https://www.realme.com/id/realme-15-5g;;
realme;realme 15 5G (8GB/256GB);5.499.000;1;64;120;6.7;5.000;Dimensity 7050;256;8;Android;https://www.realme.com/id/realme-15-5g;;
realme;realme 15T 5G (8GB/128GB);3.699.000;1;50;120;6.67;6.000;Dimensity 6100+;128;8;Android;https://www.realme.com/id/realme-15t-5g;;
realme;realme 15T 5G (8GB/256GB);3.999.000;1;50;120;6.67;6.000;Dimensity 6100+;256;8;Android;https://www.realme.com/id/realme-15t-5g;;
realme;realme 14 5G (8GB/256GB);4.399.000;1;50;120;6.7;6.000;Snapdragon 6 Gen 4;256;8;Android;https://www.realme.com/id/realme-14-5g;;
realme;realme 14T 5G (8GB/128GB);3.399.000;1;50;120;6.6;5.000;Dimensity 6100+;128;8;Android;https://www.realme.com/id/realme-14t-5g;;
realme;realme 14T 5G (8GB/256GB);3.699.000;1;50;120;6.6;5.000;Dimensity 6100+;256;8;Android;https://www.realme.com/id/realme-14t-5g;;
realme;realme 13 5G (8GB/128GB);2.999.000;1;50;120;6.72;5.000;Dimensity 6300;128;8;Android;https://www.realme.com/id/realme-13-5g;;
realme;realme 13 5G (12GB/256GB);3.499.000;1;50;120;6.72;5.000;Dimensity 6300;256;12;Android;https://www.realme.com/id/realme-13-5g;;
realme;realme 13+ 5G (8GB/256GB);3.699.000;1;50;120;6.67;5.000;Dimensity 7300;256;8;Android;https://www.realme.com/id/realme-13-plus-5g;;
realme;realme 13+ 5G (12GB/256GB);4.199.000;1;50;120;6.67;5.000;Dimensity 7300;256;12;Android;https://www.realme.com/id/realme-13-plus-5g;;
realme;realme 13 Pro 5G (12GB/256GB);5.999.000;1;50;120;6.7;5.200;Snapdragon 7s Gen 2;256;12;Android;https://www.realme.com/id/realme-13-pro-5g;;
realme;realme 13 Pro+ 5G (12GB/256GB);6.499.000;1;50;120;6.7;5.200;Snapdragon 7s Gen 2;256;12;Android;https://www.realme.com/id/realme-13-plus-5g;;
realme;realme 13 Pro+ 5G (12GB/512GB);6.999.000;1;50;120;6.7;5.200;Snapdragon 7s Gen 2;512;12;Android;https://www.realme.com/id/realme-13-pro-plus-5g;;
realme;realme P3 5G (8GB/256GB);3.999.000;1;50;120;6.67;5.000;Dimensity 7050;256;9;Android;https://realme.com/id/realme-p3-5g;https://shopee.co.id/realme-P3-5G-12GB-14GB*-256GB-(Snapdragon%C2%AE-6-Gen-4-6000mAh-Battery-45W-Fast-Charge-NFC)-i.109598751.43751114408?extraParams=%7B%22display_model_id%22%3A147846192495%2C%22model_selection_logic%22%3A3%7D&sp_atk=29e25b71-1f40-4536-8d8e-5aba6a87b8b2&xptdk=29e25b71-1f40-4536-8d8e-5aba6a87b8b2;
realme;realme P3 Lite (6GB/128GB);1.699.000;0;50;90;6.6;5.000;Helio G99;128;6;Android;https://www.realme.com/id/realme-p3-lite;https://shopee.co.id/realme-P3-Lite-4GB-8GB*-128GB-(6300mAh-Battery-Super-Light-and-Thin-7.79mm-NFC-AI-Eraser-120Hz-Eye-Comfort-Display)-i.109598751.42326124475?extraParams=%7B%22display_model_id%22%3A335074556094%2C%22model_selection_logic%22%3A3%7D&sp_atk=54c000c2-fbba-4a9a-a825-a381b5dc75d6&xptdk=54c000c2-fbba-4a9a-a825-a381b5dc75d6;
realme;realme C85 5G (8GB/256GB);3.699.000;1;50;120;6.72;5.000;Dimensity 6100+;256;8;Android;https://www.realme.com/id/realme-c85-5g;https://shopee.co.id/realme-C85-5G-8GB-16GB*-256GB-(7000mAh-Baterai-45W-Fast-Charge-IP69-Pro-Proteksi-Tahan-Air-Tertinggi-Layar-Terang-Maksimal-1200nits-Military-Grade-Shock-Resistance)-i.109598751.56952935988?extraParams=%7B%22display_model_id%22%3A315283068228%2C%22model_selection_logic%22%3A3%7D&sp_atk=6b1be509-d401-45b1-97d9-8a0bba6844d4&xptdk=6b1be509-d401-45b1-97d9-8a0bba6844d4;
realme;realme C85 (8GB/128GB);2.799.000;0;50;90;6.72;5.000;Unisoc T606;128;8;Android;https://www.realme.com/id/realme-c85;https://shopee.co.id/realme-C85-4G-6GB-12GB*-128GB-(7000mAh-Titan-Battery-IP69-Pro-Water-Resistance-144Hz-1200nit-Ultra-Bright-Display-Military-Grade-Shock-Resistance)-i.109598751.52550818874?extraParams=%7B%22display_model_id%22%3A254077061325%2C%22model_selection_logic%22%3A3%7D&sp_atk=6128624d-5706-482d-86a4-e1e15cebd2be&xptdk=6128624d-5706-482d-86a4-e1e15cebd2be;
realme;realme C85 Pro (8GB/256GB);3.599.000;0;64;120;6.72;5.000;Unisoc T616;256;8;Android;https://www.realme.com/id/realme-c85-pro;https://shopee.co.id/realme-C85-Pro-8GB-16GB*-128GB-(7000mAh-Titan-Battery-IP69-Pro-Water-Resistance-4000nit-Ultra-Bright-AMOLED-Display-Military-Grade-Shock-Resistance)-i.109598751.56650828576?extraParams=%7B%22display_model_id%22%3A360074561196%2C%22model_selection_logic%22%3A3%7D&sp_atk=a54edff3-3acc-453a-9353-17e11ca75136&xptdk=a54edff3-3acc-453a-9353-17e11ca75136;
realme;realme C75x (8GB/128GB);2.199.000;0;50;90;6.7;5.000;Helio G88;128;8;Android;https://www.realme.com/id/realme-c75x;https://shopee.co.id/realme-C75-8GB-16GB*-256-GB-IP66-68-69-Dust-Water-Resistance-Military-Grade-Shock-Resistance-6000mAh-Massive-Battery-NFC-i.109598751.26668402254?extraParams=%7B%22display_model_id%22%3A178555928042%2C%22model_selection_logic%22%3A3%7D&sp_atk=23f6cf09-b073-4725-abf9-da9e87416cc2&xptdk=23f6cf09-b073-4725-abf9-da9e87416cc2;
realme;realme C71 (6GB/128GB);1.899.000;0;50;90;6.6;5.000;Unisoc T606;128;6;Android;https://realme.com/id/realme-c71;https://shopee.co.id/realme-C71-4GB-8GB*-128GB-(6300-Baterai-45W-Fast-Charge-Military-Grade-Shock-Resistance-NFC)-i.109598751.43453727326?extraParams=%7B%22display_model_id%22%3A227864201524%2C%22model_selection_logic%22%3A3%7D&sp_atk=21c824d7-265b-4bd3-903d-204627869268&xptdk=21c824d7-265b-4bd3-903d-204627869268;
realme;realme C61 (6GB/128GB);1.799.000;0;50;90;6.6;5.000;Unisoc T612;128;6;Android;https://www.realme.com/id/realme-c61;;
realme;realme Note 80 (4GB/128GB);1.799.000;0;50;90;6.6;5.000;Unisoc T606;128;4;Android;https://www.realme.com/id/realme-note80;https://shopee.co.id/realme-Note-80-4GB-8GB*-128GB-(Desain-Tangguh-6300mAh-Baterai-Proteksi-ArmorShell%E2%84%A2-Jaminan-Lancar-Hingga-48-bulan-IP54)-i.109598751.51055779332?extraParams=%7B%22display_model_id%22%3A375523388811%2C%22model_selection_logic%22%3A3%7D&sp_atk=842a07ed-561f-409c-95f8-69606135ba13&xptdk=842a07ed-561f-409c-95f8-69606135ba13;
realme;realme Note 70 (4GB/64GB);1.499.000;0;13;60;6.6;5.000;Unisoc T606;64;4;Android;https://www.realme.com/id/realme-note-70;;
realme;realme Note 70 (4GB/128GB);1.699.000;0;13;60;6.6;5.000;Unisoc T606;128;4;Android;https://www.realme.com/id/realme-note-70;;
realme;realme Note 60x (4GB/64GB);1.299.000;0;8;60;6.6;5.000;Unisoc T612;64;4;Android;https://www.realme.com/id/realme-note-60x;;
realme;realme Note 60 (4GB/128GB);1.249.000;0;8;60;6.6;5.000;Unisoc T612;128;4;Android;https://www.realme.com/id/realme-note60;;
samsung;Galaxy S26 Ultra (12GB/256GB);27.499.000;1;200;120;6.9;5.500;Snapdragon 8 Gen 4;256;12;Android;https://www.samsung.com/id/smartphones/galaxy-s26-ultra/buy/?modelCode=SM-S948BZVCXID;;
samsung;Galaxy S26 Ultra (12GB/512GB);29.499.000;1;200;120;6.9;5.500;Snapdragon 8 Gen 4;512;12;Android;https://www.samsung.com/id/smartphones/galaxy-s26-ultra/buy/?modelCode=SM-S948BZVCXID;;
samsung;Galaxy S26 Ultra (16GB/1TB);31.999.000;1;200;120;6.9;5.500;Snapdragon 8 Gen 4;1024;16;Android;https://www.samsung.com/id/smartphones/galaxy-s26-ultra/buy/?modelCode=SM-S948BZVCXID;;
samsung;Galaxy S26+ (12GB/256GB);22.499.000;1;50;120;6.8;4.900;Snapdragon 8 Gen 4;256;12;Android;https://www.samsung.com/id/smartphones/galaxy-s26/buy/?modelCode=SM-S947BZVCXID;;
samsung;Galaxy S26+ (12GB/512GB);24.499.000;1;50;120;6.8;4.900;Snapdragon 8 Gen 4;512;12;Android;https://www.samsung.com/id/smartphones/galaxy-s26/buy/?modelCode=SM-S947BZVCXID;;
samsung;Galaxy S26 (12GB/256GB);19.499.000;1;50;120;6.3;4.300;Snapdragon 8 Gen 4;256;12;Android;https://www.samsung.com/id/smartphones/galaxy-s26/buy/?modelCode=SM-S942BZVQXID;;
samsung;Galaxy S26 (12GB/512GB);21.499.000;1;50;120;6.3;4.300;Snapdragon 8 Gen 4;512;12;Android;https://www.samsung.com/id/smartphones/galaxy-s26/buy/?modelCode=SM-S942BZVQXID;;
samsung;Galaxy S25 Ultra (12GB/256GB);25.999.000;1;200;120;6.8;5.000;Snapdragon 8 Gen 3;256;12;Android;https://www.samsung.com/id/smartphones/galaxy-s25-ultra/buy/?modelCode=SM-S938BZBCXID;;
samsung;Galaxy S25 Ultra (12GB/512GB);27.999.000;1;200;120;6.8;5.000;Snapdragon 8 Gen 3;512;12;Android;https://www.samsung.com/id/smartphones/galaxy-s25-ultra/buy/?modelCode=SM-S938BZBCXID;;
samsung;Galaxy S25 Ultra (12GB/1TB);29.999.000;1;200;120;6.8;5.000;Snapdragon 8 Gen 3;1024;12;Android;https://www.samsung.com/id/smartphones/galaxy-s25-ultra/buy/?modelCode=SM-S938BZBCXID;;
samsung;Galaxy S25+ (12GB/256GB);17.999.000;1;200;120;6.7;4.900;Snapdragon 8 Gen 3;256;12;Android;https://www.samsung.com/id/smartphones/galaxy-s25/buy/?modelCode=SM-S731BDBCXID;;
samsung;Galaxy S25+ (12GB/512GB);19.999.000;1;50;120;6.7;4.900;Snapdragon 8 Gen 3;512;12;Android;https://www.samsung.com/id/smartphones/galaxy-s25/buy/?modelCode=SM-S731BDBCXID;;
samsung;Galaxy S25 (12GB/256GB);14.999.000;1;50;120;6.2;4.000;Snapdragon 8 Gen 3;256;12;Android;https://www.samsung.com/id/smartphones/galaxy-s25/buy/?modelCode=SM-S931BZSCXID;;
samsung;Galaxy S25 (12GB/512GB);16.999.000;1;50;120;6.2;4.000;Snapdragon 8 Gen 3;512;12;Android;https://www.samsung.com/id/smartphones/galaxy-s25/buy/?modelCode=SM-S931BZSCXID;;
samsung;Galaxy S25 Edge (12GB/256GB);18.999.000;1;50;120;6.7;4.500;Snapdragon 8 Gen 3;256;12;Android;https://www.samsung.com/id/smartphones/galaxy-s25-ultra/buy/;;
samsung;Galaxy S25 FE (8GB/128GB);12.499.000;1;50;120;6.7;4.500;Exynos 2400;128;8;Android;https://www.samsung.com/id/smartphones/galaxy-s25/buy/?modelCode=SM-S731BDBCXID;;
samsung;Galaxy S25 FE (8GB/256GB);13.999.000;1;50;120;6.7;4.500;Exynos 2400;256;8;Android;https://www.samsung.com/id/smartphones/galaxy-s25/buy/?modelCode=SM-S731BDBCXID;;
samsung;Galaxy S24 Ultra (12GB/256GB);21.999.000;1;200;120;6.8;5.000;Snapdragon 8 Gen 3;256;12;Android;https://www.samsung.com/id/smartphones/galaxy-s24-ultra/buy/?modelCode=SM-S928BZTQXID;;
samsung;Galaxy S24 Ultra (12GB/512GB);23.999.000;1;200;120;6.8;5.000;Snapdragon 8 Gen 3;512;12;Android;https://www.samsung.com/id/smartphones/galaxy-s24-ultra/buy/?modelCode=SM-S928BZTQXID;;
samsung;Galaxy S24 Ultra (12GB/1TB);25.999.000;1;200;120;6.8;5.000;Snapdragon 8 Gen 3;1024;12;Android;https://www.samsung.com/id/smartphones/galaxy-s24-ultra/buy/?modelCode=SM-S928BZTQXID;;
samsung;Galaxy S24+ (12GB/256GB);16.999.000;1;50;120;6.7;4.900;Exynos 2400;256;12;Android;https://www.samsung.com/id/smartphones/galaxy-s24/buy/?modelCode=SM-S926BZVCXID;;
samsung;Galaxy S24+ (12GB/512GB);18.999.000;1;50;120;6.7;4.900;Exynos 2400;512;12;Android;https://www.samsung.com/id/smartphones/galaxy-s24/buy/?modelCode=SM-S926BZVCXID;;
samsung;Galaxy S24 (8GB/256GB);13.999.000;1;50;120;6.2;4.000;Exynos 2400;256;8;Android;https://www.samsung.com/id/smartphones/galaxy-s24/buy/?modelCode=SM-S921BZYQXID;;
samsung;Galaxy S24 (8GB/512GB);15.999.000;1;50;120;6.2;4.000;Exynos 2400;512;8;Android;https://www.samsung.com/id/smartphones/galaxy-s24/buy/?modelCode=SM-S921BZYQXID;;
samsung;Galaxy S24 FE (8GB/128GB);9.999.000;1;50;120;6.7;4.500;Exynos 2200;128;8;Android;https://www.samsung.com/id/smartphones/galaxy-s24-fe/buy/?modelCode=SM-S721BLBCXID;;
samsung;Galaxy S23 Ultra (12GB/256GB);18.999.000;1;200;120;6.8;5.000;Snapdragon 8 Gen 2;256;8;Android;https://www.samsung.com/id/smartphones/galaxy-s23-ultra/buy/?modelCode=SM-S918BZGQXID;;
samsung;Galaxy S23 Ultra (12GB/512GB);20.999.000;1;200;120;6.8;5.000;Snapdragon 8 Gen 2;512;12;Android;https://www.samsung.com/id/smartphones/galaxy-s23-ultra/buy/?modelCode=SM-S918BZGQXID;;
samsung;Galaxy S23 Ultra (12GB/1TB);22.999.000;1;200;120;6.8;5.000;Snapdragon 8 Gen 2;1024;12;Android;https://www.samsung.com/id/smartphones/galaxy-s23-ultra/buy/?modelCode=SM-S918BZGQXID;;
samsung;Galaxy S23+ (8GB/256GB);14.999.000;1;50;120;6.8;4.700;Snapdragon 8 Gen 2;256;8;Android;https://www.samsung.com/id/smartphones/galaxy-s23/buy/?modelCode=SM-S916BLICXID;;
samsung;Galaxy S23+ (8GB/512GB);16.999.000;1;50;120;6.6;4.700;Snapdragon 8 Gen 2;512;8;Android;https://www.samsung.com/id/smartphones/galaxy-s23/buy/?modelCode=SM-S916BLICXID;;
samsung;Galaxy S23 (8GB/128GB);11.999.000;1;50;120;6.1;3.900;Snapdragon 8 Gen 2;128;8;Android;https://www.samsung.com/id/smartphones/galaxy-s23/buy/?modelCode=SM-S911BZECXID;;
samsung;Galaxy S23 (8GB/256GB);12.999.000;1;50;120;6.1;3.900;Snapdragon 8 Gen 2;256;8;Android;https://www.samsung.com/id/smartphones/galaxy-s23/buy/?modelCode=SM-S911BZECXID;;
samsung;Galaxy S23 FE (8GB/128GB);8.999.000;1;50;120;6.4;4.500;Exynos 2200;128;8;Android;https://www.samsung.com/id/smartphones/galaxy-s23-fe/buy/?modelCode=SM-S711BLGCXID;;
samsung;Galaxy S23 FE (8GB/256GB);9.999.000;1;50;120;6.4;4.500;Exynos 2200;256;8;Android;https://www.samsung.com/id/smartphones/galaxy-s23-fe/buy/?modelCode=SM-S711BLGCXID;;
samsung;Galaxy Z Fold7 (12GB/256GB);26.999.000;1;50;120;7.9;4.800;Snapdragon 8 Gen 4;256;12;Android;https://www.samsung.com/id/smartphones/galaxy-z-fold7/buy/?modelCode=SM-F966BDBGXID;;
samsung;Galaxy Z Fold7 (12GB/512GB);28.999.000;1;50;120;7.9;4.800;Snapdragon 8 Gen 4;512;12;Android;https://www.samsung.com/id/smartphones/galaxy-z-fold7/buy/?modelCode=SM-F966BDBGXID;;
samsung;Galaxy Z Fold7 (12GB/1TB);30.999.000;1;50;120;7.9;4.800;Snapdragon 8 Gen 4;1024;12;Android;https://www.samsung.com/id/smartphones/galaxy-z-fold7/buy/?modelCode=SM-F966BDBGXID;;
samsung;Galaxy Z Fold6 (12GB/256GB);24.999.000;1;50;120;7.6;4.400;Snapdragon 8 Gen 3;256;12;Android;https://www.samsung.com/id/smartphones/galaxy-z-fold6/buy/?modelCode=SM-F956BZSDXID;;
samsung;Galaxy Z Fold6 (12GB/512GB);26.999.000;1;50;120;7.6;4.400;Snapdragon 8 Gen 3;512;12;Android;https://www.samsung.com/id/smartphones/galaxy-z-fold6/buy/?modelCode=SM-F956BZSDXID;;
samsung;Galaxy Z Fold6 (12GB/1TB);28.999.000;1;50;120;7.6;4.400;Snapdragon 8 Gen 3;1024;12;Android;https://www.samsung.com/id/smartphones/galaxy-z-fold6/buy/?modelCode=SM-F956BZSDXID;;
samsung;Galaxy Z Fold5 (12GB/256GB);21.999.000;1;50;120;7.6;4.400;Snapdragon 8 Gen 2;256;12;Android;https://www.samsung.com/id/smartphones/galaxy-z/galaxy-z-fold5-gold-512gb-sm-f946bakzxid/;;
samsung;Galaxy Z Fold5 (12GB/512GB);23.999.000;1;50;120;7.6;4.400;Snapdragon 8 Gen 2;512;12;Android;https://www.samsung.com/id/smartphones/galaxy-z/galaxy-z-fold5-gold-512gb-sm-f946bakzxid/;;
samsung;Galaxy Z Fold5 (12GB/1TB);25.999.000;1;50;120;7.6;4.400;Snapdragon 8 Gen 2;1024;12;Android;https://www.samsung.com/id/smartphones/galaxy-z/galaxy-z-fold5-gold-512gb-sm-f946bakzxid/;;
samsung;Galaxy Z Flip7 (8GB/256GB);15.999.000;1;50;120;6.9;4.000;Snapdragon 8 Gen 4;256;8;Android;https://www.samsung.com/id/smartphones/galaxy-z-flip7/buy/?modelCode=SM-F766BDBEXID;;
samsung;Galaxy Z Flip7 (8GB/512GB);17.999.000;1;50;120;6.9;4.000;Snapdragon 8 Gen 4;512;8;Android;https://www.samsung.com/id/smartphones/galaxy-z-flip7/buy/?modelCode=SM-F766BDBEXID;;
samsung;Galaxy Z Flip6 (8GB/256GB);13.999.000;1;50;120;6.7;4.000;Snapdragon 8 Gen 3;256;8;Android;https://www.samsung.com/id/smartphones/galaxy-z-flip6/buy/?modelCode=SM-F741BLBAXID;;
samsung;Galaxy Z Flip6 (8GB/512GB);15.999.000;1;50;120;6.7;4.000;Snapdragon 8 Gen 3;512;8;Android;https://www.samsung.com/id/smartphones/galaxy-z-flip6/buy/?modelCode=SM-F741BLBAXID;;
samsung;Galaxy A57 5G (12GB/256GB);7.499.000;1;50;120;6.7;5.000;Exynos 1580;256;12;Android;https://www.samsung.com/id/smartphones/galaxy-a/galaxy-a57-5g-awesome-navy-256gb-sm-a576bdbsxid/buy/;;
samsung;Galaxy A56 5G (8GB/128GB);6.499.000;1;50;120;6.7;5.000;Exynos 1480;128;8;Android;https://www.samsung.com/id/smartphones/galaxy-a/galaxy-a56-5g-awesome-lightgray-256gb-sm-a566bzauxid/buy/;;
samsung;Galaxy A56 5G (12GB/256GB);6.999.000;1;50;120;6.7;5.000;Exynos 1480;256;12;Android;https://www.samsung.com/id/smartphones/galaxy-a/galaxy-a56-5g-awesome-lightgray-256gb-sm-a566bzauxid/buy/;;
samsung;Galaxy A55 5G (8GB/128GB);5.999.000;1;50;120;6.6;5.000;Exynos 1480;128;8;Android;https://www.samsung.com/id/smartphones/galaxy-a/galaxy-a55-5g-awesome-lemon-256gb-sm-a556ezycxid/;;
samsung;Galaxy A55 5G (8GB/256GB);6.499.000;1;50;120;6.6;5.000;Exynos 1480;256;8;Android;https://www.samsung.com/id/smartphones/galaxy-a/galaxy-a55-5g-awesome-lemon-256gb-sm-a556ezycxid/;;
samsung;Galaxy A37 5G (8GB/128GB);4.999.000;1;50;120;6.6;5.000;Exynos 1380;128;8;Android;https://www.samsung.com/id/smartphones/galaxy-a/galaxy-a37-5g-awesome-lavender-256gb-sm-a376blvtxid/buy/;;
samsung;Galaxy A36 5G (8GB/128GB);4.499.000;1;50;120;6.6;5.000;Exynos 1380;128;8;Android;https://www.samsung.com/id/smartphones/galaxy-a/galaxy-a36-5g-awesome-lime-256gb-sm-a366blgtxid/;;
samsung;Galaxy A36 5G (12GB/256GB);4.999.000;1;50;120;6.6;5.000;Exynos 1380;256;12;Android;https://www.samsung.com/id/smartphones/galaxy-a/galaxy-a36-5g-awesome-lime-256gb-sm-a366blgtxid/;;
samsung;Galaxy A35 5G (8GB/128GB);3.999.000;1;50;120;6.6;5.000;Exynos 1380;128;8;Android;https://www.samsung.com/id/smartphones/galaxy-a/galaxy-a35-5g-awesome-lemon-256gb-sm-a356ezygxid/;;
samsung;Galaxy A35 5G (8GB/256GB);4.499.000;1;50;120;6.6;5.000;Exynos 1380;256;8;Android;https://www.samsung.com/id/smartphones/galaxy-a/galaxy-a35-5g-awesome-lemon-256gb-sm-a356ezygxid/;;
samsung;Galaxy A26 5G (8GB/128GB);3.499.000;1;50;120;6.6;5.000;Exynos 1280;128;8;Android;https://www.samsung.com/id/smartphones/galaxy-a/galaxy-a26-5g-peach-pink-256gb-sm-a266bzihxid/buy/;;
samsung;Galaxy A17 5G (8GB/128GB);2.999.000;1;50;90;6.6;5.000;Dimensity 6100+;128;8;Android;https://www.samsung.com/id/smartphones/galaxy-a/galaxy-a17-5g-black-256gb-sm-a176bzkkxid/buy/;;
samsung;Galaxy A17 LTE (8GB/128GB);2.699.000;1;50;90;6.6;5.000;Helio G99;128;8;Android;https://www.samsung.com/id/smartphones/galaxy-a/galaxy-a17-light-blue-128gb-sm-a175flbdxid/buy/;;
samsung;Galaxy A16 (8GB/128GB);2.299.000;1;50;90;6.6;5.000;Helio G88;128;8;Android;https://www.samsung.com/id/smartphones/galaxy-a/galaxy-a16-light-gray-256gb-sm-a165fzaixid/;;
samsung;Galaxy A16 5G (8GB/128GB);2.499.000;1;50;90;6.6;5.000;Dimensity 6100+;128;8;Android;https://www.samsung.com/id/smartphones/galaxy-a/galaxy-a16-5g-blue-black-128gb-sm-a166pzkhxid/;;
samsung;Galaxy A15 5G (8GB/128GB);2.399.000;1;50;90;6.5;5.000;Dimensity 6100+;128;8;Android;https://www.samsung.com/id/smartphones/galaxy-a/galaxy-a15-5g-yellow-256gb-sm-a156ezyixid/;;
samsung;Galaxy A15 (8GB/128GB);2.099.000;1;50;90;6.5;5.000;Helio G99;128;8;Android;https://www.samsung.com/id/smartphones/galaxy-a/galaxy-a15-yellow-256gb-sm-a155fzyixid/;;
samsung;Galaxy A06 5G (6GB/128GB);1.899.000;1;50;90;6.5;5.000;Dimensity 6100+;128;6;Android;https://www.samsung.com/id/smartphones/galaxy-a/galaxy-a06-5g-light-gray-128gb-sm-a066bzahxid/;;
samsung;Galaxy A06 (4GB/128GB);1.499.000;0;50;60;6.5;5.000;Helio G85;128;4;Android;https://www.samsung.com/id/smartphones/galaxy-a/galaxy-a06-light-blue-64gb-sm-a065flbdxid/;;
samsung;Galaxy A06 (6GB/128GB);1.699.000;0;50;60;6.5;5.000;Helio G85;128;6;Android;https://www.samsung.com/id/smartphones/galaxy-a/galaxy-a06-light-blue-64gb-sm-a065flbdxid/;;
samsung;Galaxy A05s (6GB/128GB);1.799.000;0;50;90;6.7;5.000;Snapdragon 680;128;6;Android;https://www.samsung.com/id/smartphones/galaxy-a/galaxy-a05s-silver-128gb-sm-a057fzshxid/;;
infinix;Infinix GT 30 (8GB/256GB);4.299.000;1;108;144;6.78;5.000;Dimensity 8200;256;8;Android;https://id.infinixmobility.com/GT-30;;
infinix;Infinix GT 30 (12GB/256GB);4.799.000;1;108;144;6.78;5.000;Dimensity 8200;256;12;Android;https://id.infinixmobility.com/GT-30;;
infinix;Infinix GT 30 Pro (12GB/256GB);5.299.000;1;108;144;6.78;5.000;Dimensity 8200;256;12;Android;https://id.infinixmobility.com/GT-30-Pro;;
infinix;Infinix GT 20 Pro (12GB/256GB);4.699.000;1;108;144;6.78;5.000;Dimensity 8200;256;12;Android;https://id.infinixmobility.com/GT-20-Pro;;
infinix;Infinix Smart 20 (4GB/128GB);1.299.000;0;13;90;6.6;5.000;Unisoc T606;128;4;Android;https://id.infinixmobility.com/SMART-20;;
infinix;Infinix Smart 10 Plus (4GB/128GB);1.399.000;0;13;90;6.8;6.000;Unisoc T606;128;4;Android;https://id.infinixmobility.com/SMART-10-Plus;;
infinix;Infinix Smart 10 (4GB/64GB);1.099.000;0;13;60;6.6;5.000;Unisoc T606;64;4;Android;https://id.infinixmobility.com/SMART-10;;
infinix;Infinix Smart 10 (4GB/128GB);1.199.000;0;13;60;6.6;5.000;Unisoc T606;128;4;Android;https://id.infinixmobility.com/SMART-10;;
infinix;Infinix Smart 9 (4GB/128GB);1.099.000;0;13;90;6.6;5.000;Unisoc T606;128;4;Android;https://id.infinixmobility.com/SMART-9;;
infinix;Infinix Smart 8 Pro (4GB/128GB);1.399.000;0;50;90;6.6;5.000;Helio G36;128;4;Android;https://id.infinixmobility.com/SMART-8-Pro;;
infinix;Infinix Smart 8 (4GB/64GB);1.099.000;0;13;90;6.6;5.000;Unisoc T606;64;4;Android;https://id.infinixmobility.com/SMART-8;;
infinix;Infinix Smart 8 (4GB/128GB);1.199.000;0;13;90;6.6;5.000;Unisoc T606;128;4;Android;https://id.infinixmobility.com/SMART-8;;
infinix;Infinix Hot 60 Pro+ (12GB/256GB);3.799.000;1;108;120;6.78;5.000;Dimensity 8050;256;12;Android;https://id.infinixmobility.com/HOT-60-Pro%2B;;
infinix;Infinix Hot 60 Pro (8GB/256GB);2.799.000;0;64;120;6.78;5.000;Helio G99;256;8;Android;https://id.infinixmobility.com/HOT-60-Pro;;
infinix;Infinix Hot 60i (6GB/128GB);1.799.000;0;50;90;6.6;5.000;Helio G85;128;6;Android;https://id.infinixmobility.com/HOT-60i;;
infinix;Infinix Hot 50 Pro+ (8GB/256GB);2.499.000;0;108;120;6.78;5.000;Helio G99;256;8;Android;https://id.infinixmobility.com/HOT-50-Pro%2B;;
infinix;Infinix Hot 50 Pro (8GB/256GB);2.299.000;0;64;120;6.78;5.000;Helio G99;256;8;Android;https://id.infinixmobility.com/HOT-50-Pro%2B;;
infinix;Infinix Hot 50 5G (8GB/256GB);2.399.000;1;50;120;6.78;5.000;Dimensity 6100+;256;8;Android;https://id.infinixmobility.com/HOT-50-5G;;
infinix;Infinix Hot 50i (4GB/128GB);1.499.000;0;50;90;6.6;5.000;Helio G36;128;4;Android;https://id.infinixmobility.com/HOT-50i;;
infinix;Infinix Hot 50 (8GB/128GB);1.749.000;0;50;90;6.6;5.000;Helio G88;128;8;Android;https://id.infinixmobility.com/HOT-50;;
infinix;Infinix Hot 40 Pro (8GB/256GB);1.999.000;0;108;120;6.78;5.000;Helio G99;256;8;Android;https://id.infinixmobility.com/HOT-40-Pro-FREE-FIRE;;
infinix;Infinix Note 60 Pro (12GB/256GB);3.999.000;1;108;144;6.78;5.000;Dimensity 8200;256;12;Android;https://id.infinixmobility.com/NOTE-60-Pro;;
infinix;Infinix Note 60 (8GB/256GB);2.999.000;0;120;120;6.78;5.000;Helio G99;256;8;Android;https://id.infinixmobility.com/NOTE-60;;
infinix;Infinix Note 50 Pro (12GB/256GB);2.999.000;0;108;120;6.78;5.000;Helio G99;256;12;Android;https://id.infinixmobility.com/NOTE-50-Pro;;
infinix;Infinix Note 50S 5G (8GB/256GB);2.899.000;1;64;120;6.78;5.000;Dimensity 6100+;256;8;Android;https://id.infinixmobility.com/NOTE-50S-5G;;
infinix;Infinix Note 40 Pro+ 5G (12GB/256GB);4.499.000;1;108;120;6.78;4.600;Dimensity 7020;256;12;Android;https://id.infinixmobility.com/NOTE-40-Pro%2B-5G;;
infinix;Infinix Note 40 Pro 5G (8GB/256GB);3.799.000;1;120;120;6.78;5.000;Dimensity 7020;256;8;Android;https://id.infinixmobility.com/NOTE-40-Pro-5G;;
infinix;Infinix Note 40 Pro (8GB/256GB);3.299.000;0;108;120;6.78;5.000;Helio G99;256;8;Android;https://id.infinixmobility.com/NOTE-40-Pro;;
infinix;Infinix Note 40 (8GB/256GB);2.479.000;0;108;120;6.78;5.000;Helio G99;256;8;Android;https://id.infinixmobility.com/NOTE-40;;
vivo;vivo X300 Pro (16GB/512GB);18.999.000;1;200;120;6.82;5.400;Dimensity 9400;512;16;Android;https://www.vivo.com/id/products/x300-pro;;
vivo;vivo X300 (12GB/256GB);14.999.000;1;50;120;6.78;5.000;Dimensity 9300;256;12;Android;https://www.vivo.com/id/products/x300;;
vivo;vivo X300 (16GB/512GB);16.999.000;1;50;120;6.78;5.000;Dimensity 9300;512;16;Android;https://www.vivo.com/id/products/x300;;
vivo;vivo X200 Pro (16GB/512GB);17.999.000;1;200;120;6.78;5.400;Dimensity 9300;512;16;Android;https://www.vivo.com/id/products/x200-pro;;
vivo;vivo X200 (12GB/256GB);12.999.000;1;50;120;6.67;5.000;Dimensity 9300;256;12;Android;https://www.vivo.com/id/products/x200;;
vivo;vivo X200 (16GB/512GB);14.999.000;1;50;120;6.67;5.000;Dimensity 9300;512;16;Android;https://www.vivo.com/id/products/x200;;
vivo;vivo X100 Pro (12GB/256GB);16.999.000;1;50;50;6.78;5.400;Dimensity 9300;256;12;Android;https://www.vivo.com/id/products/x100pro;;
vivo;vivo X100 (12GB/256GB);11.999.000;1;50;120;6.78;5.000;Dimensity 9300;256;12;Android;https://www.vivo.com/id/products/x100;;
vivo;vivo X80 Pro (12GB/256GB);15.999.000;1;50;120;6.78;4.700;Snapdragon 8 Gen 1;256;12;Android;https://www.vivo.com/id/products/x80pro;;
vivo;vivo X80 (8GB/256GB);8.999.000;1;50;120;6.78;4.500;Dimensity 9000;256;8;Android;https://www.vivo.com/id/products/x80;;
vivo;vivo X Fold5 (16GB/512GB);22.999.000;1;50;120;8.03;5.700;Snapdragon 8 Gen 3;512;16;Android;https://www.vivo.com/id/products/x-fold5;;
vivo;vivo X Fold3 Pro (16GB/512GB);19.999.000;1;50;120;8.03;5.700;Snapdragon 8 Gen 3;512;16;Android;https://www.vivo.com/id/products/x-fold3-pro;;
vivo;vivo V70 FE (8GB/128GB);6.499.000;1;50;120;6.67;5.000;Dimensity 8200;128;8;Android;https://www.vivo.com/id/products/v70-fe;;
vivo;vivo V70 FE (12GB/256GB);7.199.000;1;50;120;6.67;5.000;Dimensity 8200;256;12;Android;https://www.vivo.com/id/products/v70-fe;;
vivo;vivo V70 (8GB/256GB);8.499.000;1;50;120;6.78;5.000;Dimensity 8300;256;8;Android;https://www.vivo.com/id/products/V70;;
vivo;vivo V70 (12GB/512GB);10.999.000;1;50;120;6.78;5.000;Dimensity 8300;512;12;Android;https://www.vivo.com/id/products/V70;;
vivo;vivo V60 Lite 5G (8GB/256GB);5.999.000;1;50;120;6.67;5.000;Snapdragon 6 Gen 1;256;8;Android;https://www.vivo.com/id/products/v60-lite-5g;;
vivo;vivo V60 Lite (8GB/128GB);4.699.000;0;64;90;6.67;5.000;Snapdragon 680;128;8;Android;https://www.vivo.com/id/products/v60-lite;;
vivo;vivo V60 (8GB/256GB);6.999.000;1;50;120;6.78;5.000;Dimensity 8200;256;8;Android;https://www.vivo.com/id/products/v60;;
vivo;vivo V60 (12GB/512GB);8.499.000;1;50;120;6.78;5.000;Dimensity 8200;512;12;Android;https://www.vivo.com/id/products/v60;;
vivo;vivo V50 Lite 5G (8GB/256GB);4.599.000;1;50;120;6.67;5.000;Snapdragon 6 Gen 1;256;8;Android;https://www.vivo.com/id/products/v50-lite-5g;;
vivo;vivo V50 Lite (8GB/128GB);3.599.000;0;64;90;6.67;5.000;Snapdragon 680;128;8;Android;https://www.vivo.com/id/products/v50-lite;;
vivo;vivo V50 5G (12GB/256GB);6.999.000;1;50;120;6.78;5.000;Dimensity 8200;256;12;Android;https://www.vivo.com/id/products/v50;;
vivo;vivo V40 (12GB/256GB);6.999.000;1;50;120;6.78;5.000;Dimensity 8200;256;12;Android;https://www.vivo.com/id/products/v40;;
vivo;vivo V40 Lite 5G (8GB/256GB);4.999.000;1;50;120;6.67;5.000;Snapdragon 6 Gen 1;256;8;Android;https://www.vivo.com/id/products/v40-lite-5g;;
vivo;vivo V40 Lite (8GB/128GB);3.299.000;0;64;90;6.67;5.000;Snapdragon 680;128;8;Android;https://www.vivo.com/id/products/v40-lite-4g;;
vivo;vivo V30 Pro (12GB/512GB);8.999.000;1;50;120;6.78;5.000;Dimensity 8200;512;12;Android;https://www.vivo.com/id/products/v30-pro-5g;;
vivo;vivo V30 (8GB/256GB);5.499.000;1;50;120;6.78;5.000;Snapdragon 7 Gen 3;256;8;Android;https://www.vivo.com/id/products/v30;;
vivo;vivo V30e (8GB/256GB);4.699.000;1;50;120;6.67;5.000;Snapdragon 6 Gen 1;256;8;Android;https://www.vivo.com/id/products/v30e;;
vivo;vivo V29 (8GB/256GB);5.999.000;1;50;120;6.78;4.600;Snapdragon 778G;256;8;Android;https://www.vivo.com/id/products/v29;;
vivo;vivo T1 5G (8GB/128GB);2.999.000;1;50;120;6.58;5.000;Snapdragon 695;128;8;Android;https://www.vivo.com/id/products/t15g;;
vivo;vivo T1 Pro 5G (8GB/128GB);4.499.000;1;64;90;6.44;4.700;Snapdragon 778G;128;8;Android;https://www.vivo.com/id/products/t1pro5g;;
vivo;vivo T5 (8GB/128GB);3.199.000;0;50;120;6.67;5.000;Snapdragon 695;128;8;Android;https://www.vivo.com/id/products/t5;;
vivo;vivo T5 (8GB/256GB);4.399.000;0;50;120;6.67;5.000;Snapdragon 685;256;8;Android;https://www.vivo.com/id/products/t5;;
vivo;vivo T5 Pro 5G (12GB/256GB);4.999.000;1;64;120;6.78;5.000;Dimensity 8200;256;12;Android;https://www.vivo.com/id/products/t5-pro;;
vivo;vivo Y100 (8GB/128GB);3.099.000;0;50;120;6.67;5.000;Snapdragon 685;128;8;Android;https://www.vivo.com/id/products/y100-4g;;
vivo;vivo Y100 (8GB/256GB);3.399.000;0;50;120;6.67;5.000;Snapdragon 685;256;8;Android;https://www.vivo.com/id/products/y100-4g;;
vivo;vivo Y100 5G (8GB/256GB);3.899.000;1;50;120;6.67;5.000;Snapdragon 4 Gen 2;256;8;Android;https://www.vivo.com/id/products/y100-5g;;
vivo;vivo Y36 5G (8GB/256GB);3.299.000;1;50;90;6.64;5.000;Dimensity 6020;256;8;Android;https://www.vivo.com/id/products/y36-5g;;
vivo;vivo Y36 (8GB/128GB);2.799.000;0;50;90;6.64;5.000;Snapdragon 680;128;8;Android;https://www.vivo.com/id/products/y36;;
vivo;vivo Y36 (8GB/256GB);2.999.000;0;50;90;6.64;5.000;Snapdragon 680;256;8;Android;https://www.vivo.com/id/products/y36;;
vivo;vivo Y35 (8GB/128GB);2.699.000;0;50;90;6.58;5.000;Snapdragon 680;128;8;Android;https://www.vivo.com/id/products/y35;;
vivo;vivo Y27 5G (6GB/128GB);2.599.000;1;50;60;6.64;5.000;Dimensity 6020;128;6;Android;https://www.vivo.com/id/products/y27-5g;;
vivo;vivo Y27 (6GB/128GB);2.299.000;0;50;60;6.64;5.000;Helio G85;128;6;Android;https://www.vivo.com/id/products/y27;;
vivo;vivo Y22 (6GB/128GB);2.199.000;0;50;60;6.55;5.000;Helio G85;128;6;Android;https://www.vivo.com/id/products/y22;;
vivo;vivo Y21T (6GB/128GB);2.199.000;0;50;60;6.51;5.000;Snapdragon 680;128;6;Android;https://www.vivo.com/id/products/y21t;;
vivo;vivo Y21s (6GB/128GB);2.099.000;0;50;60;6.51;5.000;Helio G80;128;6;Android;https://www.vivo.com/id/products/y21s;;
vivo;vivo Y21 (4GB/64GB);1.999.000;0;13;60;6.51;5.000;Helio P35;64;4;Android;https://www.vivo.com/id/products/y21;;
vivo;vivo Y20 (4GB/64GB);1.899.000;0;13;60;6.51;5.000;Snapdragon 460;64;4;Android;https://www.vivo.com/id/products/y202021;;
vivo;vivo Y17s (4GB/128GB);1.999.000;0;50;60;6.56;5.000;Helio G85;128;4;Android;https://www.vivo.com/id/products/y17s;;
vivo;vivo Y03 (4GB/64GB);1.299.000;0;13;90;6.56;5.000;Helio G85;64;4;Android;https://www.vivo.com/id/products/y03;;
vivo;vivo Y02 (3GB/32GB);1.199.000;0;8;60;6.51;5.000;Helio P22;32;3;Android;https://www.vivo.com/id/products/y02;;
vivo;vivo Y01 (2GB/32GB);999.000;0;8;60;6.51;5.000;Helio P35;32;2;Android;https://www.vivo.com/id/products/y01;;
oppo;OPPO Find X9 Pro (12GB/256GB);15.999.000;1;50;120;6.82;5.000;Snapdragon 8 Gen 3;256;12;Android;https://www.oppo.com/id/product/oppo-find-x9-pro.P.P1100383;;
oppo;OPPO Find X9 Pro (16GB/512GB);17.999.000;1;50;120;6.82;5.000;Snapdragon 8 Gen 3;512;16;Android;https://www.oppo.com/id/product/oppo-find-x9-pro.P.P1100383;;
oppo;OPPO Find X9 (12GB/256GB);12.999.000;1;50;120;6.7;4.800;Snapdragon 8 Gen 2;256;12;Android;https://www.oppo.com/id/product/oppo-find-x9.P.P1100382;;
oppo;OPPO Find X8 Pro (12GB/256GB);14.999.000;1;50;120;6.82;5.000;Dimensity 9300;256;12;Android;https://www.oppo.com/id/product/oppo-find-x8-pro.P.P1100101;;
oppo;OPPO Find X8 (12GB/256GB);13.999.000;1;50;120;6.7;5.000;Dimensity 9300;256;12;Android;https://www.oppo.com/id/product/oppo-find-x8.P.P1100084;;
oppo;OPPO Find N5 (12GB/256GB);24.999.000;1;50;120;7.8;4.800;Snapdragon 8 Gen 3;256;12;Android;https://www.oppo.com/id/product/oppo-find-n5.P.P1100086;;
oppo;OPPO Find N3 (12GB/256GB);21.999.000;1;48;120;7.82;4.800;Snapdragon 8 Gen 2;256;12;Android;https://www.oppo.com/id/product/oppo-find-n3.P.P1100088;;
oppo;OPPO Find N3 Flip (12GB/256GB);15.999.000;1;50;120;6.8;4.300;Dimensity 9200;256;12;Android;https://www.oppo.com/id/product/oppo-find-n3-flip.P.P1100111;;
oppo;OPPO Reno15 Pro Max 5G (12GB/256GB);10.999.000;1;50;120;6.83;5.000;Dimensity 9200+;256;12;Android;https://www.oppo.com/id/product/oppo-reno15-pro-max.P.P1100537;;
oppo;OPPO Reno15 5G (12GB/256GB);8.499.000;1;50;120;6.7;5.000;Dimensity 8200;256;12;Android;https://www.oppo.com/id/product/oppo-reno15-5g.P.P1100538;;
oppo;OPPO Reno15 F 5G (8GB/256GB);5.499.000;1;50;120;6.67;5.000;Snapdragon 7 Gen 1;256;8;Android;https://www.oppo.com/id/product/oppo-reno15-f-5g.P.P1100539;;
oppo;OPPO Reno14 Pro 5G (12GB/256GB);9.999.000;1;50;120;6.83;4.800;Dimensity 9200;256;12;Android;https://www.oppo.com/id/product/oppo-reno14-pro.P.P1100225;;
oppo;OPPO Reno14 5G (8GB/256GB);7.999.000;1;50;120;6.7;4.800;Dimensity 8200;256;8;Android;https://www.oppo.com/id/product/oppo-reno14-5g.P.P1100226;;
oppo;OPPO Reno14 F 5G (8GB/256GB);5.999.000;1;50;120;6.67;5.000;Snapdragon 7 Gen 1;256;8;Android;https://www.oppo.com/id/product/oppo-reno14-f-5g.P.P1100227;;
oppo;OPPO Reno13 5G (8GB/256GB);5.999.000;1;64;120;6.7;5.000;Dimensity 7050;256;8;Android;https://www.oppo.com/id/product/oppo-reno13-5g.P.P1100089;;
oppo;OPPO Reno13 F 5G (8GB/256GB);4.999.000;1;64;120;6.67;5.000;Snapdragon 695;256;8;Android;https://www.oppo.com/id/product/oppo-reno13-f-5g.P.P1100090;;
oppo;OPPO A6 (6GB/128GB);2.299.000;0;50;90;6.67;5.000;Snapdragon 680;128;6;Android;https://www.oppo.com/id/product/oppo-a6.P.P1100447;;
oppo;OPPO A6s (6GB/128GB);2.199.000;0;50;90;6.67;5.000;Snapdragon 680;128;6;Android;https://www.oppo.com/id/product/oppo-a6s.P.P1100691;;
oppo;OPPO A6x (8GB/128GB);2.599.000;0;50;90;6.67;5.000;Snapdragon 680;128;8;Android;https://www.oppo.com/id/product/oppo-a6x.P.P1100448;;
oppo;OPPO A6 Pro (8GB/128GB);3.499.000;0;64;120;6.7;5.000;Snapdragon 6 Gen 1;128;8;Android;https://www.oppo.com/id/product/oppo-a6-pro.P.P1100355;;
oppo;OPPO A6 Pro 5G (8GB/256GB);3.999.000;1;64;120;6.7;5.000;Snapdragon 6 Gen 1;256;8;Android;https://www.oppo.com/id/product/oppo-a6-pro-5g.P.P1100356;;
oppo;OPPO A6t (6GB/128GB);2.299.000;0;50;90;6.67;5.000;Snapdragon 680;128;6;Android;https://www.oppo.com/id/product/oppo-a6t.P.P1100603;;
oppo;OPPO A5 (4GB/128GB);1.899.000;0;50;60;6.56;5.000;Snapdragon 680;128;4;Android;https://www.oppo.com/id/product/oppo-a5.P.P1100208;;
oppo;OPPO A5 (6GB/128GB);2.099.000;0;50;60;6.56;5.000;Snapdragon 680;128;6;Android;https://www.oppo.com/id/product/oppo-a5.P.P1100208;;
oppo;OPPO A5x (4GB/128GB);1.799.000;0;50;60;6.56;5.000;Snapdragon 680;128;4;Android;https://www.oppo.com/id/product/oppo-a5x.P.P1100210;;
oppo;OPPO A5 Pro (8GB/128GB);3.299.000;0;64;120;6.7;5.000;Snapdragon 6 Gen 1;128;8;Android;https://www.oppo.com/id/product/oppo-a5-pro.P.P1100092;;
oppo;OPPO A5 Pro 5G (8GB/256GB);3.799.000;1;64;120;6.7;5.000;Dimensity 7050;256;8;Android;https://www.oppo.com/id/product/oppo-a5-pro-5g.P.P1100085;;
oppo;OPPO A5i (4GB/64GB);1.599.000;0;13;60;6.56;5.000;Snapdragon 680;64;4;Android;https://www.oppo.com/id/product/oppo-a5i.P.P1100203;;
oppo;OPPO A5i (6GB/128GB);1.899.000;0;13;60;6.56;5.000;Snapdragon 680;128;6;Android;https://www.oppo.com/id/product/oppo-a5i.P.P1100203;;
oppo;OPPO A5i Pro 5G (8GB/256GB);3.199.000;1;50;120;6.7;5.000;Dimensity 6020;256;8;Android;https://www.oppo.com/id/product/oppo-a5i-pro-5g.P.P1100357;;
oppo;OPPO A3 (4GB/128GB);1.799.000;0;50;90;6.56;5.000;Snapdragon 680;128;4;Android;https://www.oppo.com/id/product/oppo-a3.P.P1100093;;
oppo;OPPO A3 Pro 5G (8GB/256GB);3.499.000;1;64;120;6.7;5.000;Dimensity 7050;256;8;Android;https://www.oppo.com/id/smartphones/series-a/a3-pro-5g;;
oppo;OPPO A3x (4GB/128GB);1.699.000;0;13;90;6.56;5.000;Snapdragon 680;128;4;Android;https://www.oppo.com/id/product/oppo-a3x.P.P1100096;;
oppo;OPPO A98 5G (8GB/256GB);4.299.000;1;64;120;6.72;5.000;Snapdragon 695;256;8;Android;https://www.oppo.com/id/product/oppo-a98-5g.P.P1100136;;
oppo;OPPO A96 (8GB/256GB);3.099.000;0;50;90;6.59;5.000;Snapdragon 680;256;8;Android;https://www.oppo.com/id/smartphones/series-a/a96/;;
oppo;OPPO A79 5G (8GB/256GB);3.799.000;1;50;90;6.72;5.000;Dimensity 6020;256;8;Android;https://www.oppo.com/id/product/oppo-a79-5g.P.P1100135;;
oppo;OPPO A78 (8GB/256GB);3.299.000;0;50;90;6.43;5.000;Snapdragon 680;256;8;Android;https://www.oppo.com/id/product/oppo-a78-4g.P.P1100139;;
oppo;OPPO A78 5G (8GB/128GB);3.599.000;1;50;90;6.56;5.000;Dimensity 700;128;8;Android;https://www.oppo.com/id/product/oppo-a78-5g.P.P1100138;;
asus;ROG Phone 9 FE (12GB/256GB);6.999.000;1;50;165;6.78;5.500;Snapdragon 8 Gen 3;256;12;Android;https://id.store.asus.com/rog-phone-9-fe-rog-phone-9-fe.html?config=90AI00NB-M003C0;;
asus;ROG Phone 9 FE (12GB/512GB);7.999.000;1;50;165;6.78;5.500;Snapdragon 8 Gen 3;512;12;Android;https://id.store.asus.com/rog-phone-9-fe-rog-phone-9-fe.html?config=90AI00NB-M003H0;;
asus;ROG Phone 9 Pro (16GB/512GB);11.999.000;1;50;165;6.78;5.500;Snapdragon 8 Elite;512;16;Android;https://id.store.asus.com/rog-phone-9-pro-rog-phone-9-pro.html?config=90AI00S3-M00170;;
asus;Zenfone 11 Ultra (12GB/256GB);8.499.000;1;50;144;6.78;5.500;Snapdragon 8 Gen 3;256;12;Android;https://id.store.asus.com/zenfone-11-ultra-zenfone-11-ultra.html;;
evercoss;Evercoss M60;700.000;0;8;60;5.7;3.000;Quad Core 1.4GHz;16;2;Android;http://evercoss.com/product/detail/m60;;
evercoss;Evercoss M6A;849.000;0;8;60;6.1;3.200;Octa Core 1.6GHz;32;4;Android;http://evercoss.com/product/detail/m6a;;
advan;Advan X1;1.849.000;0;64;120;6.78;5.000;Helio G100;128;8;Android;https://advandigital.com/product/advan-x1/;;
advan;Advan Mach 5G;3.199.000;1;64;120;6.7;5.000;Dimensity 7060;256;8;Android;https://advandigital.com/product/advan-macha/;;
